width,method,seed,lr,batch_size,schedule,first_below,best_loss,steps,evaluations,key
3,Adam,0,0.01,50,fixed,,2.8299059688999177e-06,50000,,Adam_h3_s0_lr0.01_b50_fixed_e50000
4,Adam,0,0.01,50,fixed,31406,9.999967669902221e-09,31406,,Adam_h4_s0_lr0.01_b50_fixed_e50000
8,Adam,0,0.01,50,fixed,24127,9.997404117371542e-09,24127,,Adam_h8_s0_lr0.01_b50_fixed_e50000
2,Adam,0,0.01,50,fixed,,0.013462319826561021,50000,,Adam_h2_s0_lr0.01_b50_fixed_e50000
2,Adam,1,0.01,50,fixed,,0.02389233959061177,50000,,Adam_h2_s1_lr0.01_b50_fixed_e50000
2,Adam,2,0.01,50,fixed,,0.015402707563723078,50000,,Adam_h2_s2_lr0.01_b50_fixed_e50000
2,Adam,3,0.01,50,fixed,,0.0893285864926434,50000,,Adam_h2_s3_lr0.01_b50_fixed_e50000
2,Adam,4,0.01,50,fixed,,0.012053190960894798,50000,,Adam_h2_s4_lr0.01_b50_fixed_e50000
3,Adam,1,0.01,50,fixed,,3.8260698929411725e-07,50000,,Adam_h3_s1_lr0.01_b50_fixed_e50000
3,Adam,2,0.01,50,fixed,,1.506215915885119e-08,50000,,Adam_h3_s2_lr0.01_b50_fixed_e50000
3,Adam,3,0.01,50,fixed,,2.1823581608146776e-08,50000,,Adam_h3_s3_lr0.01_b50_fixed_e50000
3,Adam,4,0.01,50,fixed,,0.010000026666182302,50000,,Adam_h3_s4_lr0.01_b50_fixed_e50000
3,Adam,5,0.01,50,fixed,44066,9.999284377948586e-09,44066,,Adam_h3_s5_lr0.01_b50_fixed_e50000
3,Adam,6,0.01,50,fixed,,3.055826167785159e-08,50000,,Adam_h3_s6_lr0.01_b50_fixed_e50000
3,Adam,7,0.01,50,fixed,,3.17493345345884e-08,50000,,Adam_h3_s7_lr0.01_b50_fixed_e50000
3,Adam,8,0.01,50,fixed,42906,9.999130358976443e-09,42906,,Adam_h3_s8_lr0.01_b50_fixed_e50000
3,Adam,9,0.01,50,fixed,,3.0021331602515486e-05,50000,,Adam_h3_s9_lr0.01_b50_fixed_e50000
3,Adam,10,0.01,50,fixed,,2.433867341408132e-08,50000,,Adam_h3_s10_lr0.01_b50_fixed_e50000
3,Adam,11,0.01,50,fixed,,6.810196679827527e-07,50000,,Adam_h3_s11_lr0.01_b50_fixed_e50000
3,Adam,12,0.01,50,fixed,,1.313844233938761e-07,50000,,Adam_h3_s12_lr0.01_b50_fixed_e50000
3,Adam,13,0.01,50,fixed,,3.0074257564460264e-06,50000,,Adam_h3_s13_lr0.01_b50_fixed_e50000
3,Adam,14,0.01,50,fixed,,4.06856059950538e-08,50000,,Adam_h3_s14_lr0.01_b50_fixed_e50000
3,Adam,15,0.01,50,fixed,,0.00013141414639736504,50000,,Adam_h3_s15_lr0.01_b50_fixed_e50000
3,Adam,16,0.01,50,fixed,,2.5195334327983304e-07,50000,,Adam_h3_s16_lr0.01_b50_fixed_e50000
3,Adam,17,0.01,50,fixed,,3.212009868802354e-08,50000,,Adam_h3_s17_lr0.01_b50_fixed_e50000
3,Adam,18,0.01,50,fixed,41015,9.999153956989153e-09,41015,,Adam_h3_s18_lr0.01_b50_fixed_e50000
3,Adam,19,0.01,50,fixed,,1.2760574265494946e-07,50000,,Adam_h3_s19_lr0.01_b50_fixed_e50000
4,Adam,1,0.01,50,fixed,36816,9.998933012798571e-09,36816,,Adam_h4_s1_lr0.01_b50_fixed_e50000
4,Adam,2,0.01,50,fixed,35336,9.998353392240467e-09,35336,,Adam_h4_s2_lr0.01_b50_fixed_e50000
4,Adam,3,0.01,50,fixed,32880,9.999453804670584e-09,32880,,Adam_h4_s3_lr0.01_b50_fixed_e50000
4,Adam,4,0.01,50,fixed,35469,9.999757216724352e-09,35469,,Adam_h4_s4_lr0.01_b50_fixed_e50000
4,Adam,5,0.01,50,fixed,,0.010000002356723799,50000,,Adam_h4_s5_lr0.01_b50_fixed_e50000
4,Adam,6,0.01,50,fixed,35837,9.997526187040144e-09,35837,,Adam_h4_s6_lr0.01_b50_fixed_e50000
4,Adam,7,0.01,50,fixed,,2.3954730539685505e-08,50000,,Adam_h4_s7_lr0.01_b50_fixed_e50000
4,Adam,8,0.01,50,fixed,,0.01000000160655868,50000,,Adam_h4_s8_lr0.01_b50_fixed_e50000
4,Adam,9,0.01,50,fixed,40534,9.998448770879408e-09,40534,,Adam_h4_s9_lr0.01_b50_fixed_e50000
4,Adam,10,0.01,50,fixed,35961,9.99982949514429e-09,35961,,Adam_h4_s10_lr0.01_b50_fixed_e50000
4,Adam,11,0.01,50,fixed,46695,9.999195275974916e-09,46695,,Adam_h4_s11_lr0.01_b50_fixed_e50000
4,Adam,12,0.01,50,fixed,31969,9.998796756178068e-09,31969,,Adam_h4_s12_lr0.01_b50_fixed_e50000
4,Adam,13,0.01,50,fixed,,2.9372170411261063e-08,50000,,Adam_h4_s13_lr0.01_b50_fixed_e50000
4,Adam,14,0.01,50,fixed,30771,9.999348177939951e-09,30771,,Adam_h4_s14_lr0.01_b50_fixed_e50000
4,Adam,15,0.01,50,fixed,39505,9.999558398565156e-09,39505,,Adam_h4_s15_lr0.01_b50_fixed_e50000
4,Adam,16,0.01,50,fixed,29276,9.998267193876232e-09,29276,,Adam_h4_s16_lr0.01_b50_fixed_e50000
4,Adam,17,0.01,50,fixed,,0.01000000319535403,50000,,Adam_h4_s17_lr0.01_b50_fixed_e50000
4,Adam,18,0.01,50,fixed,30187,9.999296080380752e-09,30187,,Adam_h4_s18_lr0.01_b50_fixed_e50000
4,Adam,19,0.01,50,fixed,,0.010000001304194695,50000,,Adam_h4_s19_lr0.01_b50_fixed_e50000
3,Adam,0,0.01,50,cosine,,1.2018813471553074e-07,50000,,Adam_h3_s0_lr0.01_b50_cosine_e50000
3,Adam,1,0.01,50,cosine,,2.4648818927879404e-06,50000,,Adam_h3_s1_lr0.01_b50_cosine_e50000
3,Adam,2,0.01,50,cosine,,4.545781135851392e-08,50000,,Adam_h3_s2_lr0.01_b50_cosine_e50000
3,Adam,3,0.01,50,cosine,,2.514029376211054e-07,50000,,Adam_h3_s3_lr0.01_b50_cosine_e50000
3,Adam,4,0.01,50,cosine,,0.010000035813066526,50000,,Adam_h3_s4_lr0.01_b50_cosine_e50000
4,Adam,0,0.01,50,cosine,,1.0822110804669611e-08,50000,,Adam_h4_s0_lr0.01_b50_cosine_e50000
4,Adam,1,0.01,50,cosine,,0.01000000781896784,50000,,Adam_h4_s1_lr0.01_b50_cosine_e50000
4,Adam,2,0.01,50,cosine,,2.211434272651518e-08,50000,,Adam_h4_s2_lr0.01_b50_cosine_e50000
4,Adam,3,0.01,50,cosine,39535,9.999729120820755e-09,39535,,Adam_h4_s3_lr0.01_b50_cosine_e50000
4,Adam,4,0.01,50,cosine,,3.231519533485182e-08,50000,,Adam_h4_s4_lr0.01_b50_cosine_e50000
2,Adam,5,0.01,50,fixed,,0.027738553645810415,50000,,Adam_h2_s5_lr0.01_b50_fixed_e50000
2,Adam,6,0.01,50,fixed,,0.015797384087540563,50000,,Adam_h2_s6_lr0.01_b50_fixed_e50000
2,Adam,7,0.01,50,fixed,,0.008521546884217848,50000,,Adam_h2_s7_lr0.01_b50_fixed_e50000
2,Adam,8,0.01,50,fixed,,0.010660911699651776,50000,,Adam_h2_s8_lr0.01_b50_fixed_e50000
2,Adam,9,0.01,50,fixed,,0.032252221153018706,50000,,Adam_h2_s9_lr0.01_b50_fixed_e50000
2,Adam,10,0.01,50,fixed,,0.02518538662778711,50000,,Adam_h2_s10_lr0.01_b50_fixed_e50000
2,Adam,11,0.01,50,fixed,,0.027510476539043066,50000,,Adam_h2_s11_lr0.01_b50_fixed_e50000
2,Adam,12,0.01,50,fixed,,0.014109122067751452,50000,,Adam_h2_s12_lr0.01_b50_fixed_e50000
2,Adam,13,0.01,50,fixed,,0.012559020114970558,50000,,Adam_h2_s13_lr0.01_b50_fixed_e50000
2,Adam,14,0.01,50,fixed,,0.02428683755626542,50000,,Adam_h2_s14_lr0.01_b50_fixed_e50000
2,Adam,15,0.01,50,fixed,,0.027083695412870784,50000,,Adam_h2_s15_lr0.01_b50_fixed_e50000
2,Adam,16,0.01,50,fixed,,0.043802260157014085,50000,,Adam_h2_s16_lr0.01_b50_fixed_e50000
2,Adam,17,0.01,50,fixed,,0.0036983546093237807,50000,,Adam_h2_s17_lr0.01_b50_fixed_e50000
2,Adam,18,0.01,50,fixed,,0.0316675898299097,50000,,Adam_h2_s18_lr0.01_b50_fixed_e50000
2,Adam,19,0.01,50,fixed,,0.017610910615650517,50000,,Adam_h2_s19_lr0.01_b50_fixed_e50000
