hidden,output,seed,method,lr,scale,batch,epochs,first_below,best_loss
sigmoid,sigmoid,0,Adam,0.01,1,50,500,,0.2490835271176852
sigmoid,softplus,0,Adam,0.01,1,50,500,,0.2178923222067099
sigmoid,relu,0,Adam,0.01,1,50,500,,0.147862010220511
tanh,sigmoid,0,Adam,0.01,1,50,500,,0.19781154119762298
tanh,softplus,0,Adam,0.01,1,50,500,,0.15687324602670935
tanh,relu,0,Adam,0.01,1,50,500,,0.11622203412284715
softplus,sigmoid,0,Adam,0.01,1,50,500,,0.12657806644655462
softplus,softplus,0,Adam,0.01,1,50,500,,0.08578511954217291
softplus,relu,0,Adam,0.01,1,50,500,,0.11106332313106936
relu,sigmoid,0,Adam,0.01,1,50,500,,0.3646041688953694
relu,softplus,0,Adam,0.01,1,50,500,,0.3616713384687821
relu,relu,0,Adam,0.01,1,50,500,,0.44639999999999985
leaky_relu,sigmoid,0,Adam,0.01,1,50,500,,0.11286745564860948
leaky_relu,softplus,0,Adam,0.01,1,50,500,,0.10732769691448961
leaky_relu,relu,0,Adam,0.01,1,50,500,,0.15006347836163642
sigmoid,sigmoid,0,Adam,0.01,1,50,5000,,0.08412331310583117
sigmoid,sigmoid,1,Adam,0.01,1,50,5000,,0.0798812250609724
sigmoid,sigmoid,2,Adam,0.01,1,50,5000,,0.0672723985630989
sigmoid,sigmoid,3,Adam,0.01,1,50,5000,,0.07779330218459747
sigmoid,sigmoid,4,Adam,0.01,1,50,5000,,0.0822468520600296
sigmoid,softplus,0,Adam,0.01,1,50,5000,,0.06706717190252488
sigmoid,softplus,1,Adam,0.01,1,50,5000,,0.06490645725396672
sigmoid,softplus,2,Adam,0.01,1,50,5000,,0.05402457557936361
sigmoid,softplus,3,Adam,0.01,1,50,5000,,0.06273136211646596
sigmoid,softplus,4,Adam,0.01,1,50,5000,,0.06640792965268917
sigmoid,relu,0,Adam,0.01,1,50,5000,,0.03258567861640663
sigmoid,relu,1,Adam,0.01,1,50,5000,,5.408519010549148e-06
sigmoid,relu,2,Adam,0.01,1,50,5000,,0.0006458464534710661
sigmoid,relu,3,Adam,0.01,1,50,5000,,0.00017547926015084502
sigmoid,relu,4,Adam,0.01,1,50,5000,,0.00011787229131059353
tanh,sigmoid,0,Adam,0.01,1,50,5000,,0.07019574965047443
tanh,sigmoid,1,Adam,0.01,1,50,5000,,0.07170146984713396
tanh,sigmoid,2,Adam,0.01,1,50,5000,,0.07555268242129048
tanh,sigmoid,3,Adam,0.01,1,50,5000,,0.0868680442136945
tanh,sigmoid,4,Adam,0.01,1,50,5000,,0.06973397870288726
tanh,softplus,0,Adam,0.01,1,50,5000,,0.03509241840324317
tanh,softplus,1,Adam,0.01,1,50,5000,,0.057832028923223734
tanh,softplus,2,Adam,0.01,1,50,5000,,0.06034465195161223
tanh,softplus,3,Adam,0.01,1,50,5000,,0.04141749134606009
tanh,softplus,4,Adam,0.01,1,50,5000,,0.048362346228413663
tanh,relu,0,Adam,0.01,1,50,5000,,0.0008805280928335082
tanh,relu,1,Adam,0.01,1,50,5000,,0.0002008147724460159
tanh,relu,2,Adam,0.01,1,50,5000,,0.0009083767679727653
tanh,relu,3,Adam,0.01,1,50,5000,,0.040000515569545814
tanh,relu,4,Adam,0.01,1,50,5000,,0.029949429598869686
softplus,sigmoid,0,Adam,0.01,1,50,5000,,0.00047181917878277537
softplus,sigmoid,1,Adam,0.01,1,50,5000,,0.0003479665993980069
softplus,sigmoid,2,Adam,0.01,1,50,5000,,0.00027742749625622926
softplus,sigmoid,3,Adam,0.01,1,50,5000,,0.0004762268321510645
softplus,sigmoid,4,Adam,0.01,1,50,5000,,0.00040354737567022613
softplus,softplus,0,Adam,0.01,1,50,5000,,0.010422872415827034
softplus,softplus,1,Adam,0.01,1,50,5000,,0.0005423343419803508
softplus,softplus,2,Adam,0.01,1,50,5000,,0.00039976373534468426
softplus,softplus,3,Adam,0.01,1,50,5000,,0.00041491205214811084
softplus,softplus,4,Adam,0.01,1,50,5000,,0.00048794644640325644
softplus,relu,0,Adam,0.01,1,50,5000,,1.2989201106176058e-05
softplus,relu,1,Adam,0.01,1,50,5000,2590,8.65970791238765e-09
softplus,relu,2,Adam,0.01,1,50,5000,,0.04000003101439067
softplus,relu,3,Adam,0.01,1,50,5000,,0.01
softplus,relu,4,Adam,0.01,1,50,5000,1853,9.862703225281199e-09
relu,sigmoid,0,Adam,0.01,1,50,5000,,0.34802765942732583
relu,sigmoid,1,Adam,0.01,1,50,5000,,0.15472821329178452
relu,sigmoid,2,Adam,0.01,1,50,5000,,0.13394582377441291
relu,sigmoid,3,Adam,0.01,1,50,5000,,0.0907489111032423
relu,sigmoid,4,Adam,0.01,1,50,5000,,0.11669335409738484
relu,softplus,0,Adam,0.01,1,50,5000,,0.35099645978694854
relu,softplus,1,Adam,0.01,1,50,5000,,0.17570557921342617
relu,softplus,2,Adam,0.01,1,50,5000,,0.2234040273924099
relu,softplus,3,Adam,0.01,1,50,5000,,0.44639999999999985
relu,softplus,4,Adam,0.01,1,50,5000,,0.10618831358387901
relu,relu,0,Adam,0.01,1,50,5000,,0.44639999999999985
relu,relu,1,Adam,0.01,1,50,5000,,0.3727295425102104
relu,relu,2,Adam,0.01,1,50,5000,,0.42415317778643563
relu,relu,3,Adam,0.01,1,50,5000,,0.44639999999999985
relu,relu,4,Adam,0.01,1,50,5000,,0.44639999999999985
leaky_relu,sigmoid,0,Adam,0.01,1,50,5000,,0.0003710703530055294
leaky_relu,sigmoid,1,Adam,0.01,1,50,5000,,0.010404500847902655
leaky_relu,sigmoid,2,Adam,0.01,1,50,5000,,0.00028660114134786905
leaky_relu,sigmoid,3,Adam,0.01,1,50,5000,,0.01033023353333343
leaky_relu,sigmoid,4,Adam,0.01,1,50,5000,,0.0004035049439313142
leaky_relu,softplus,0,Adam,0.01,1,50,5000,,0.000911774741271611
leaky_relu,softplus,1,Adam,0.01,1,50,5000,,0.018850034442468487
leaky_relu,softplus,2,Adam,0.01,1,50,5000,,0.0036642013684171095
leaky_relu,softplus,3,Adam,0.01,1,50,5000,,0.00040988817954802956
leaky_relu,softplus,4,Adam,0.01,1,50,5000,,0.0017612849523855067
leaky_relu,relu,0,Adam,0.01,1,50,5000,,0.15
leaky_relu,relu,1,Adam,0.01,1,50,5000,1715,9.92995938011552e-09
leaky_relu,relu,2,Adam,0.01,1,50,5000,,0.08
leaky_relu,relu,3,Adam,0.01,1,50,5000,,0.15
leaky_relu,relu,4,Adam,0.01,1,50,5000,,0.18
softplus,relu,0,Adam,0.03,1.0,50,5000,,0.10841398793688843
softplus,relu,0,Adam,0.03,3.0,50,5000,,0.05666573400271727
softplus,relu,0,Adam,0.05,1.0,50,5000,,0.45315655011665273
softplus,relu,0,Adam,0.05,3.0,50,5000,,0.4568379827769452
softplus,relu,0,Adam,0.1,1.0,50,5000,,0.4805999999999743
softplus,relu,0,Adam,0.1,3.0,50,5000,,0.48455275701068046
softplus,relu,1,Adam,0.03,1.0,50,5000,,0.23000011609274046
softplus,relu,1,Adam,0.03,3.0,50,5000,,0.04411390975065263
softplus,relu,1,Adam,0.05,1.0,50,5000,,0.41856500757172355
softplus,relu,1,Adam,0.05,3.0,50,5000,,0.34540592813294535
softplus,relu,1,Adam,0.1,1.0,50,5000,,0.4729003109475073
softplus,relu,1,Adam,0.1,3.0,50,5000,,0.42022027864275235
softplus,relu,2,Adam,0.03,1.0,50,5000,,0.10954479345339176
softplus,relu,2,Adam,0.03,3.0,50,5000,,0.3237104055750271
softplus,relu,2,Adam,0.05,1.0,50,5000,,0.4527999675697445
softplus,relu,2,Adam,0.05,3.0,50,5000,,0.45279998186194403
softplus,relu,2,Adam,0.1,1.0,50,5000,,0.4860644845128914
softplus,relu,2,Adam,0.1,3.0,50,5000,,0.4715111101577552
softplus,relu,3,Adam,0.03,1.0,50,5000,,0.16
softplus,relu,3,Adam,0.03,3.0,50,5000,,0.1864537538592083
softplus,relu,3,Adam,0.05,1.0,50,5000,,0.46129120717520855
softplus,relu,3,Adam,0.05,3.0,50,5000,,0.46259971989205567
softplus,relu,3,Adam,0.1,1.0,50,5000,,0.46579999999993865
softplus,relu,3,Adam,0.1,3.0,50,5000,,0.4689999999997712
softplus,relu,4,Adam,0.03,1.0,50,5000,,0.17
softplus,relu,4,Adam,0.03,3.0,50,5000,,0.08843283843130688
softplus,relu,4,Adam,0.05,1.0,50,5000,,0.34479360109998664
softplus,relu,4,Adam,0.05,3.0,50,5000,,0.37501232485737895
softplus,relu,4,Adam,0.1,1.0,50,5000,,0.4787999947633405
softplus,relu,4,Adam,0.1,3.0,50,5000,,0.49179999999987933
softplus,relu,5,Adam,0.03,1.0,50,5000,,0.2339538960103519
softplus,relu,5,Adam,0.03,3.0,50,5000,,0.1306681379123674
softplus,relu,5,Adam,0.05,1.0,50,5000,,0.45702039336104683
softplus,relu,5,Adam,0.05,3.0,50,5000,,0.4607868763481062
softplus,relu,5,Adam,0.1,1.0,50,5000,,0.47740000000008714
softplus,relu,5,Adam,0.1,3.0,50,5000,,0.48719999999991964
softplus,relu,6,Adam,0.03,1.0,50,5000,,0.16000000000122058
softplus,relu,6,Adam,0.03,3.0,50,5000,,0.1956952447629356
softplus,relu,6,Adam,0.05,1.0,50,5000,,0.45279977711282077
softplus,relu,6,Adam,0.05,3.0,50,5000,,0.45750630935600134
softplus,relu,6,Adam,0.1,1.0,50,5000,,0.47079999999988387
softplus,relu,6,Adam,0.1,3.0,50,5000,,0.47399999999988685
softplus,relu,7,Adam,0.03,1.0,50,5000,,0.35154608297089834
softplus,relu,7,Adam,0.03,3.0,50,5000,,0.24000000003678082
softplus,relu,7,Adam,0.05,1.0,50,5000,,0.4572106551879228
softplus,relu,7,Adam,0.05,3.0,50,5000,,0.4561622987897411
softplus,relu,7,Adam,0.1,1.0,50,5000,,0.469479527879038
softplus,relu,7,Adam,0.1,3.0,50,5000,,0.47400000000001113
softplus,relu,8,Adam,0.03,1.0,50,5000,,0.29914188746275294
softplus,relu,8,Adam,0.03,3.0,50,5000,,0.2643499984620832
softplus,relu,8,Adam,0.05,1.0,50,5000,,0.45129118259455725
softplus,relu,8,Adam,0.05,3.0,50,5000,,0.45006341444640496
softplus,relu,8,Adam,0.1,1.0,50,5000,,0.4805999999999349
softplus,relu,8,Adam,0.1,3.0,50,5000,,0.48575554285271727
softplus,relu,9,Adam,0.03,1.0,50,5000,,0.1
softplus,relu,9,Adam,0.03,3.0,50,5000,,0.09
softplus,relu,9,Adam,0.05,1.0,50,5000,,0.29626503727645437
softplus,relu,9,Adam,0.05,3.0,50,5000,,0.35144084999153835
softplus,relu,9,Adam,0.1,1.0,50,5000,,0.3900866102264227
softplus,relu,9,Adam,0.1,3.0,50,5000,,0.48519557792724854
leaky_relu,relu,0,Adam,0.03,1.0,50,5000,,0.26
leaky_relu,relu,0,Adam,0.03,3.0,50,5000,,0.26
leaky_relu,relu,0,Adam,0.05,1.0,50,5000,,0.34
leaky_relu,relu,0,Adam,0.05,3.0,50,5000,,0.38
leaky_relu,relu,0,Adam,0.1,1.0,50,5000,,0.39
leaky_relu,relu,0,Adam,0.1,3.0,50,5000,,0.39
leaky_relu,relu,1,Adam,0.03,1.0,50,5000,,0.09394520072144177
leaky_relu,relu,1,Adam,0.03,3.0,50,5000,,0.18
leaky_relu,relu,1,Adam,0.05,1.0,50,5000,,0.25
leaky_relu,relu,1,Adam,0.05,3.0,50,5000,,0.24
leaky_relu,relu,1,Adam,0.1,1.0,50,5000,,0.46
leaky_relu,relu,1,Adam,0.1,3.0,50,5000,,0.42
leaky_relu,relu,2,Adam,0.03,1.0,50,5000,,0.3
leaky_relu,relu,2,Adam,0.03,3.0,50,5000,,0.27
leaky_relu,relu,2,Adam,0.05,1.0,50,5000,,0.45
leaky_relu,relu,2,Adam,0.05,3.0,50,5000,,0.4
leaky_relu,relu,2,Adam,0.1,1.0,50,5000,,0.46
leaky_relu,relu,2,Adam,0.1,3.0,50,5000,,0.44
leaky_relu,relu,3,Adam,0.03,1.0,50,5000,,0.31000000000023537
leaky_relu,relu,3,Adam,0.03,3.0,50,5000,,0.35
leaky_relu,relu,3,Adam,0.05,1.0,50,5000,,0.35
leaky_relu,relu,3,Adam,0.05,3.0,50,5000,,0.35
leaky_relu,relu,3,Adam,0.1,1.0,50,5000,,0.49847596380974146
leaky_relu,relu,3,Adam,0.1,3.0,50,5000,,0.49805830533757167
leaky_relu,relu,4,Adam,0.03,1.0,50,5000,,0.26
leaky_relu,relu,4,Adam,0.03,3.0,50,5000,,0.31
leaky_relu,relu,4,Adam,0.05,1.0,50,5000,,0.31
leaky_relu,relu,4,Adam,0.05,3.0,50,5000,,0.38
leaky_relu,relu,4,Adam,0.1,1.0,50,5000,,0.32
leaky_relu,relu,4,Adam,0.1,3.0,50,5000,,0.47
leaky_relu,relu,5,Adam,0.03,1.0,50,5000,,0.26
leaky_relu,relu,5,Adam,0.03,3.0,50,5000,,0.28
leaky_relu,relu,5,Adam,0.05,1.0,50,5000,,0.3
leaky_relu,relu,5,Adam,0.05,3.0,50,5000,,0.36
leaky_relu,relu,5,Adam,0.1,1.0,50,5000,,0.44
leaky_relu,relu,5,Adam,0.1,3.0,50,5000,,0.49
leaky_relu,relu,6,Adam,0.03,1.0,50,5000,,0.25
leaky_relu,relu,6,Adam,0.03,3.0,50,5000,,0.4
leaky_relu,relu,6,Adam,0.05,1.0,50,5000,,0.35
leaky_relu,relu,6,Adam,0.05,3.0,50,5000,,0.46
leaky_relu,relu,6,Adam,0.1,1.0,50,5000,,0.43
leaky_relu,relu,6,Adam,0.1,3.0,50,5000,,0.5
leaky_relu,relu,7,Adam,0.03,1.0,50,5000,,0.28
leaky_relu,relu,7,Adam,0.03,3.0,50,5000,,0.35
leaky_relu,relu,7,Adam,0.05,1.0,50,5000,,0.39
leaky_relu,relu,7,Adam,0.05,3.0,50,5000,,0.44
leaky_relu,relu,7,Adam,0.1,1.0,50,5000,,0.47
leaky_relu,relu,7,Adam,0.1,3.0,50,5000,,0.4796706838809891
leaky_relu,relu,8,Adam,0.03,1.0,50,5000,,0.35
leaky_relu,relu,8,Adam,0.03,3.0,50,5000,,0.33
leaky_relu,relu,8,Adam,0.05,1.0,50,5000,,0.35
leaky_relu,relu,8,Adam,0.05,3.0,50,5000,,0.43
leaky_relu,relu,8,Adam,0.1,1.0,50,5000,,0.39
leaky_relu,relu,8,Adam,0.1,3.0,50,5000,,0.47
leaky_relu,relu,9,Adam,0.03,1.0,50,5000,,0.1020026710317809
leaky_relu,relu,9,Adam,0.03,3.0,50,5000,,0.23
leaky_relu,relu,9,Adam,0.05,1.0,50,5000,,0.26
leaky_relu,relu,9,Adam,0.05,3.0,50,5000,,0.37
leaky_relu,relu,9,Adam,0.1,1.0,50,5000,,0.48
leaky_relu,relu,9,Adam,0.1,3.0,50,5000,,0.49930821880922566
softplus,relu,5,Adam,0.01,1.0,50,3000,2001,9.677105381779757e-09
softplus,relu,6,Adam,0.01,1.0,50,3000,,0.02000203959049258
softplus,relu,7,Adam,0.01,1.0,50,3000,1946,9.961199264241544e-09
softplus,relu,8,Adam,0.01,1.0,50,3000,,0.010000000000011984
softplus,relu,9,Adam,0.01,1.0,50,3000,,0.020000401808641318
softplus,relu,10,Adam,0.01,1.0,50,3000,1698,9.625391319972404e-09
softplus,relu,11,Adam,0.01,1.0,50,3000,1784,9.971557812630564e-09
softplus,relu,12,Adam,0.01,1.0,50,3000,,0.10000000314135533
softplus,relu,13,Adam,0.01,1.0,50,3000,2145,9.045907754150175e-09
softplus,relu,14,Adam,0.01,1.0,50,3000,1968,9.42057346891756e-09
softplus,relu,15,Adam,0.01,1.0,50,3000,,2.186731706954117e-08
softplus,relu,16,Adam,0.01,1.0,50,3000,,0.0800000308993524
softplus,relu,17,Adam,0.01,1.0,50,3000,1885,9.969294561515842e-09
softplus,relu,18,Adam,0.01,1.0,50,3000,2438,9.478399654145008e-09
softplus,relu,19,Adam,0.01,1.0,50,3000,,0.013078317790975654
softplus,relu,20,Adam,0.01,1.0,50,3000,1862,9.873645484688846e-09
softplus,relu,21,Adam,0.01,1.0,50,3000,,0.010000000168352306
softplus,relu,22,Adam,0.01,1.0,50,3000,1915,9.976847032434122e-09
softplus,relu,23,Adam,0.01,1.0,50,3000,1675,9.778243967389217e-09
softplus,relu,24,Adam,0.01,1.0,50,3000,,0.010000000000037156
softplus,relu,25,Adam,0.01,1.0,50,3000,,0.01
softplus,relu,26,Adam,0.01,1.0,50,3000,2802,9.358009610816389e-09
softplus,relu,27,Adam,0.01,1.0,50,3000,,0.030000184699665134
softplus,relu,28,Adam,0.01,1.0,50,3000,,0.020000000000744537
softplus,relu,29,Adam,0.01,1.0,50,3000,,0.04000000034910218
softplus,relu,30,Adam,0.01,1.0,50,3000,,0.01
softplus,relu,31,Adam,0.01,1.0,50,3000,,0.01000052885827537
softplus,relu,32,Adam,0.01,1.0,50,3000,,0.04000000000023224
softplus,relu,33,Adam,0.01,1.0,50,3000,1594,9.715249806796399e-09
softplus,relu,34,Adam,0.01,1.0,50,3000,,3.2785162369844963e-06
softplus,relu,35,Adam,0.01,1.0,50,3000,2295,9.806727089256112e-09
softplus,relu,36,Adam,0.01,1.0,50,3000,1663,9.455473891092813e-09
softplus,relu,37,Adam,0.01,1.0,50,3000,2255,9.700348480846904e-09
softplus,relu,38,Adam,0.01,1.0,50,3000,1204,9.826186937266003e-09
softplus,relu,39,Adam,0.01,1.0,50,3000,,1.3112588351214653e-06
softplus,relu,40,Adam,0.01,1.0,50,3000,1677,9.929083938187949e-09
softplus,relu,41,Adam,0.01,1.0,50,3000,,1.6074917310081884e-08
softplus,relu,42,Adam,0.01,1.0,50,3000,,0.010000000000502376
softplus,relu,43,Adam,0.01,1.0,50,3000,,0.020000305145906897
softplus,relu,44,Adam,0.01,1.0,50,3000,1854,9.016840874353961e-09
softplus,relu,45,Adam,0.01,1.0,50,3000,,0.10000004351546593
softplus,relu,46,Adam,0.01,1.0,50,3000,2798,9.804339465510503e-09
softplus,relu,47,Adam,0.01,1.0,50,3000,,0.020000000000299806
softplus,relu,48,Adam,0.01,1.0,50,3000,,0.01
softplus,relu,49,Adam,0.01,1.0,50,3000,,0.0200000000011805
softplus,relu,50,Adam,0.01,1.0,50,3000,,0.010000000043639618
softplus,relu,51,Adam,0.01,1.0,50,3000,,6.255029018459023e-07
softplus,relu,52,Adam,0.01,1.0,50,3000,,3.706245438518e-06
softplus,relu,53,Adam,0.01,1.0,50,3000,,0.0700035729574372
softplus,relu,54,Adam,0.01,1.0,50,3000,,0.010000752983699165
softplus,relu,55,Adam,0.01,1.0,50,3000,,0.010000000000000042
softplus,relu,56,Adam,0.01,1.0,50,3000,,0.010000000000601925
softplus,relu,57,Adam,0.01,1.0,50,3000,2061,9.837111093732975e-09
softplus,relu,58,Adam,0.01,1.0,50,3000,,6.163548565610351e-07
softplus,relu,59,Adam,0.01,1.0,50,3000,,0.010000042190415743
softplus,relu,60,Adam,0.01,1.0,50,3000,,1.0218023566093543e-08
softplus,relu,61,Adam,0.01,1.0,50,3000,,2.0100309747838385e-08
softplus,relu,62,Adam,0.01,1.0,50,3000,,1.1017082997334718e-06
softplus,relu,63,Adam,0.01,1.0,50,3000,,0.12000000000829912
softplus,relu,64,Adam,0.01,1.0,50,3000,1516,9.688543416179775e-09
softplus,relu,65,Adam,0.01,1.0,50,3000,1481,9.834716103098397e-09
softplus,relu,66,Adam,0.01,1.0,50,3000,2445,8.870161721899957e-09
softplus,relu,67,Adam,0.01,1.0,50,3000,,0.08000000000175811
softplus,relu,68,Adam,0.01,1.0,50,3000,1736,9.333340736735104e-09
softplus,relu,69,Adam,0.01,1.0,50,3000,,0.01
softplus,relu,70,Adam,0.01,1.0,50,3000,,0.05000000186399776
softplus,relu,71,Adam,0.01,1.0,50,3000,,0.07
softplus,relu,72,Adam,0.01,1.0,50,3000,2109,9.75526593818492e-09
softplus,relu,73,Adam,0.01,1.0,50,3000,,1.4245392631833798e-08
softplus,relu,74,Adam,0.01,1.0,50,3000,,0.01
softplus,relu,75,Adam,0.01,1.0,50,3000,2210,9.85830103846579e-09
softplus,relu,76,Adam,0.01,1.0,50,3000,2006,9.952123663785326e-09
softplus,relu,77,Adam,0.01,1.0,50,3000,,0.050000001554347175
softplus,relu,78,Adam,0.01,1.0,50,3000,,0.0214770498387099
softplus,relu,79,Adam,0.01,1.0,50,3000,,0.01
softplus,relu,80,Adam,0.01,1.0,50,3000,2783,9.971423343791625e-09
softplus,relu,81,Adam,0.01,1.0,50,3000,2021,9.948386975706463e-09
softplus,relu,82,Adam,0.01,1.0,50,3000,,2.9545410473358053e-07
softplus,relu,83,Adam,0.01,1.0,50,3000,,2.629138681423316e-07
softplus,relu,84,Adam,0.01,1.0,50,3000,2208,9.749305036887057e-09
softplus,relu,85,Adam,0.01,1.0,50,3000,,3.966552642718181e-08
softplus,relu,86,Adam,0.01,1.0,50,3000,,0.010000000011113652
softplus,relu,87,Adam,0.01,1.0,50,3000,,0.010000000000488894
softplus,relu,88,Adam,0.01,1.0,50,3000,,1.0153333201767508e-08
softplus,relu,89,Adam,0.01,1.0,50,3000,,0.01
softplus,relu,90,Adam,0.01,1.0,50,3000,1639,9.920234063347889e-09
softplus,relu,91,Adam,0.01,1.0,50,3000,1397,9.839441784198584e-09
softplus,relu,92,Adam,0.01,1.0,50,3000,,0.0200000000284308
softplus,relu,93,Adam,0.01,1.0,50,3000,,1.9932126889910752e-06
softplus,relu,94,Adam,0.01,1.0,50,3000,1664,9.851712487699803e-09
softplus,relu,95,Adam,0.01,1.0,50,3000,1995,9.906563277444348e-09
softplus,relu,96,Adam,0.01,1.0,50,3000,1452,9.660358350610417e-09
softplus,relu,97,Adam,0.01,1.0,50,3000,,0.010000000034342673
softplus,relu,98,Adam,0.01,1.0,50,3000,,0.07
softplus,relu,99,Adam,0.01,1.0,50,3000,,0.020000004042864967
leaky_relu,relu,5,Adam,0.01,1.0,50,3000,,0.12060953978317769
leaky_relu,relu,6,Adam,0.01,1.0,50,3000,,0.09420332175451683
leaky_relu,relu,7,Adam,0.01,1.0,50,3000,,0.06
leaky_relu,relu,8,Adam,0.01,1.0,50,3000,,0.19
leaky_relu,relu,9,Adam,0.01,1.0,50,3000,,0.08000000000000047
leaky_relu,relu,10,Adam,0.01,1.0,50,3000,,0.01
leaky_relu,relu,11,Adam,0.01,1.0,50,3000,1254,9.583725848001074e-09
leaky_relu,relu,12,Adam,0.01,1.0,50,3000,,0.01
leaky_relu,relu,13,Adam,0.01,1.0,50,3000,,0.05
leaky_relu,relu,14,Adam,0.01,1.0,50,3000,1030,9.93751397002276e-09
leaky_relu,relu,15,Adam,0.01,1.0,50,3000,,0.25000000000000006
leaky_relu,relu,16,Adam,0.01,1.0,50,3000,,0.09000000000001097
leaky_relu,relu,17,Adam,0.01,1.0,50,3000,,0.09
leaky_relu,relu,18,Adam,0.01,1.0,50,3000,,0.070000002729713
leaky_relu,relu,19,Adam,0.01,1.0,50,3000,,0.04000000000007305
leaky_relu,relu,20,Adam,0.01,1.0,50,3000,,0.05
leaky_relu,relu,21,Adam,0.01,1.0,50,3000,,0.14
leaky_relu,relu,22,Adam,0.01,1.0,50,3000,,0.11000000000000006
leaky_relu,relu,23,Adam,0.01,1.0,50,3000,,0.04
leaky_relu,relu,24,Adam,0.01,1.0,50,3000,1330,9.890944208997294e-09
leaky_relu,relu,25,Adam,0.01,1.0,50,3000,,0.14
leaky_relu,relu,26,Adam,0.01,1.0,50,3000,,0.26
leaky_relu,relu,27,Adam,0.01,1.0,50,3000,,0.1700000000000027
leaky_relu,relu,28,Adam,0.01,1.0,50,3000,,0.03
leaky_relu,relu,29,Adam,0.01,1.0,50,3000,,0.04
leaky_relu,relu,30,Adam,0.01,1.0,50,3000,,0.02
leaky_relu,relu,31,Adam,0.01,1.0,50,3000,,0.23
leaky_relu,relu,32,Adam,0.01,1.0,50,3000,,0.13
leaky_relu,relu,33,Adam,0.01,1.0,50,3000,,0.16
leaky_relu,relu,34,Adam,0.01,1.0,50,3000,,0.01
leaky_relu,relu,35,Adam,0.01,1.0,50,3000,,0.28
leaky_relu,relu,36,Adam,0.01,1.0,50,3000,,0.04759181261117766
leaky_relu,relu,37,Adam,0.01,1.0,50,3000,1506,9.924700879838105e-09
leaky_relu,relu,38,Adam,0.01,1.0,50,3000,,0.04
leaky_relu,relu,39,Adam,0.01,1.0,50,3000,,0.19
leaky_relu,relu,40,Adam,0.01,1.0,50,3000,,0.04
leaky_relu,relu,41,Adam,0.01,1.0,50,3000,,0.13
leaky_relu,relu,42,Adam,0.01,1.0,50,3000,1471,9.853723007488072e-09
leaky_relu,relu,43,Adam,0.01,1.0,50,3000,,0.05
leaky_relu,relu,44,Adam,0.01,1.0,50,3000,,0.04
leaky_relu,relu,45,Adam,0.01,1.0,50,3000,,0.15
leaky_relu,relu,46,Adam,0.01,1.0,50,3000,,0.11000000004355029
leaky_relu,relu,47,Adam,0.01,1.0,50,3000,,0.0400000000000008
leaky_relu,relu,48,Adam,0.01,1.0,50,3000,1185,9.942447935264348e-09
leaky_relu,relu,49,Adam,0.01,1.0,50,3000,,0.04000000365762474
leaky_relu,relu,50,Adam,0.01,1.0,50,3000,,0.11000000011429652
leaky_relu,relu,51,Adam,0.01,1.0,50,3000,1045,8.923770608397424e-09
leaky_relu,relu,52,Adam,0.01,1.0,50,3000,1190,9.68009524608119e-09
leaky_relu,relu,53,Adam,0.01,1.0,50,3000,,0.24
leaky_relu,relu,54,Adam,0.01,1.0,50,3000,1173,9.827117876016211e-09
leaky_relu,relu,55,Adam,0.01,1.0,50,3000,1164,9.977122821220776e-09
leaky_relu,relu,56,Adam,0.01,1.0,50,3000,,0.09678537798661752
leaky_relu,relu,57,Adam,0.01,1.0,50,3000,,0.12
leaky_relu,relu,58,Adam,0.01,1.0,50,3000,,0.010001013391840652
leaky_relu,relu,59,Adam,0.01,1.0,50,3000,1441,9.88068243046826e-09
leaky_relu,relu,60,Adam,0.01,1.0,50,3000,,0.02
leaky_relu,relu,61,Adam,0.01,1.0,50,3000,,0.010000000000001784
leaky_relu,relu,62,Adam,0.01,1.0,50,3000,,0.12
leaky_relu,relu,63,Adam,0.01,1.0,50,3000,1141,8.867285615436993e-09
leaky_relu,relu,64,Adam,0.01,1.0,50,3000,,0.010000000000094504
leaky_relu,relu,65,Adam,0.01,1.0,50,3000,1317,9.87030748694819e-09
leaky_relu,relu,66,Adam,0.01,1.0,50,3000,,0.12
leaky_relu,relu,67,Adam,0.01,1.0,50,3000,,0.03756656715558739
leaky_relu,relu,68,Adam,0.01,1.0,50,3000,,0.15
leaky_relu,relu,69,Adam,0.01,1.0,50,3000,,0.01
leaky_relu,relu,70,Adam,0.01,1.0,50,3000,1329,9.592872215320595e-09
leaky_relu,relu,71,Adam,0.01,1.0,50,3000,1479,9.940892288845109e-09
leaky_relu,relu,72,Adam,0.01,1.0,50,3000,,0.04
leaky_relu,relu,73,Adam,0.01,1.0,50,3000,,0.08807234738052579
leaky_relu,relu,74,Adam,0.01,1.0,50,3000,,0.07663797305256421
leaky_relu,relu,75,Adam,0.01,1.0,50,3000,,0.01
leaky_relu,relu,76,Adam,0.01,1.0,50,3000,1614,9.945737513076211e-09
leaky_relu,relu,77,Adam,0.01,1.0,50,3000,,0.3
leaky_relu,relu,78,Adam,0.01,1.0,50,3000,,0.04
leaky_relu,relu,79,Adam,0.01,1.0,50,3000,,0.06857683980316466
leaky_relu,relu,80,Adam,0.01,1.0,50,3000,,0.19409715075342887
leaky_relu,relu,81,Adam,0.01,1.0,50,3000,,0.12
leaky_relu,relu,82,Adam,0.01,1.0,50,3000,,0.26
leaky_relu,relu,83,Adam,0.01,1.0,50,3000,,0.11
leaky_relu,relu,84,Adam,0.01,1.0,50,3000,1535,9.972139273958365e-09
leaky_relu,relu,85,Adam,0.01,1.0,50,3000,,0.010000000000951425
leaky_relu,relu,86,Adam,0.01,1.0,50,3000,,0.026890934944409223
leaky_relu,relu,87,Adam,0.01,1.0,50,3000,,0.10207711597911225
leaky_relu,relu,88,Adam,0.01,1.0,50,3000,,0.07
leaky_relu,relu,89,Adam,0.01,1.0,50,3000,1375,9.887948366695921e-09
leaky_relu,relu,90,Adam,0.01,1.0,50,3000,,0.02
leaky_relu,relu,91,Adam,0.01,1.0,50,3000,,0.04
leaky_relu,relu,92,Adam,0.01,1.0,50,3000,1879,9.87753367732932e-09
leaky_relu,relu,93,Adam,0.01,1.0,50,3000,,0.11442263151878863
leaky_relu,relu,94,Adam,0.01,1.0,50,3000,,0.033466164237441615
leaky_relu,relu,95,Adam,0.01,1.0,50,3000,,0.24
leaky_relu,relu,96,Adam,0.01,1.0,50,3000,,0.05
leaky_relu,relu,97,Adam,0.01,1.0,50,3000,,0.26
leaky_relu,relu,98,Adam,0.01,1.0,50,3000,,0.04
leaky_relu,relu,99,Adam,0.01,1.0,50,3000,,0.08
leaky_relu,relu,10,Adam,0.003,1.0,50,2500,,6.919613826108243e-06
leaky_relu,relu,10,Adam,0.005,1.0,50,2500,1481,9.68748617887393e-09
leaky_relu,relu,10,Adam,0.008,1.0,50,2500,1339,9.98617982305839e-09
leaky_relu,relu,10,Adam,0.012,1.0,50,2500,,0.01
leaky_relu,relu,10,Adam,0.015,1.0,50,2500,,0.09462568292735477
leaky_relu,relu,10,Adam,0.02,1.0,50,2500,,0.08
leaky_relu,relu,11,Adam,0.003,1.0,50,2500,,4.185211683427318e-08
leaky_relu,relu,11,Adam,0.005,1.0,50,2500,1988,9.207525031961003e-09
leaky_relu,relu,11,Adam,0.008,1.0,50,2500,1411,9.10690062147249e-09
leaky_relu,relu,11,Adam,0.012,1.0,50,2500,1117,9.880626503613812e-09
leaky_relu,relu,11,Adam,0.015,1.0,50,2500,,0.05298203639666988
leaky_relu,relu,11,Adam,0.02,1.0,50,2500,,0.09223257675755275
leaky_relu,relu,12,Adam,0.003,1.0,50,2500,,9.710879071836097e-05
leaky_relu,relu,12,Adam,0.005,1.0,50,2500,1859,9.786421394228208e-09
leaky_relu,relu,12,Adam,0.008,1.0,50,2500,1106,9.587684324997201e-09
leaky_relu,relu,12,Adam,0.012,1.0,50,2500,,0.01
leaky_relu,relu,12,Adam,0.015,1.0,50,2500,,0.01
leaky_relu,relu,12,Adam,0.02,1.0,50,2500,,0.03
leaky_relu,relu,13,Adam,0.003,1.0,50,2500,2323,9.85498903133301e-09
leaky_relu,relu,13,Adam,0.005,1.0,50,2500,,0.01000001088780715
leaky_relu,relu,13,Adam,0.008,1.0,50,2500,,0.05
leaky_relu,relu,13,Adam,0.012,1.0,50,2500,,0.05
leaky_relu,relu,13,Adam,0.015,1.0,50,2500,,0.10103682496243023
leaky_relu,relu,13,Adam,0.02,1.0,50,2500,,0.14
leaky_relu,relu,14,Adam,0.003,1.0,50,2500,,6.805594575317177e-08
leaky_relu,relu,14,Adam,0.005,1.0,50,2500,1967,9.131571903957862e-09
leaky_relu,relu,14,Adam,0.008,1.0,50,2500,1130,9.339525239928811e-09
leaky_relu,relu,14,Adam,0.012,1.0,50,2500,981,8.92309049261675e-09
leaky_relu,relu,14,Adam,0.015,1.0,50,2500,,0.04
leaky_relu,relu,14,Adam,0.02,1.0,50,2500,,0.05
leaky_relu,relu,15,Adam,0.003,1.0,50,2500,,0.050015753040810386
leaky_relu,relu,15,Adam,0.005,1.0,50,2500,,0.1400000021052083
leaky_relu,relu,15,Adam,0.008,1.0,50,2500,,0.18000000044393857
leaky_relu,relu,15,Adam,0.012,1.0,50,2500,,0.25
leaky_relu,relu,15,Adam,0.015,1.0,50,2500,,0.25
leaky_relu,relu,15,Adam,0.02,1.0,50,2500,,0.32
leaky_relu,relu,16,Adam,0.003,1.0,50,2500,,1.1548497173780178e-05
leaky_relu,relu,16,Adam,0.005,1.0,50,2500,2201,9.926514242445704e-09
leaky_relu,relu,16,Adam,0.008,1.0,50,2500,1634,9.70704207735827e-09
leaky_relu,relu,16,Adam,0.012,1.0,50,2500,,0.158911956366503
leaky_relu,relu,16,Adam,0.015,1.0,50,2500,,0.13491419422983017
leaky_relu,relu,16,Adam,0.02,1.0,50,2500,,0.25000000000000006
leaky_relu,relu,17,Adam,0.003,1.0,50,2500,,1.2222359255211652e-05
leaky_relu,relu,17,Adam,0.005,1.0,50,2500,,3.5553877932154544e-07
leaky_relu,relu,17,Adam,0.008,1.0,50,2500,,0.0400000000005324
leaky_relu,relu,17,Adam,0.012,1.0,50,2500,,0.1291833344515519
leaky_relu,relu,17,Adam,0.015,1.0,50,2500,,0.1436749573103412
leaky_relu,relu,17,Adam,0.02,1.0,50,2500,,0.12
leaky_relu,relu,18,Adam,0.003,1.0,50,2500,,0.010013565803765487
leaky_relu,relu,18,Adam,0.005,1.0,50,2500,,0.040000000329357265
leaky_relu,relu,18,Adam,0.008,1.0,50,2500,,0.08000000035407691
leaky_relu,relu,18,Adam,0.012,1.0,50,2500,,0.14000001581069502
leaky_relu,relu,18,Adam,0.015,1.0,50,2500,,0.19535693593574355
leaky_relu,relu,18,Adam,0.02,1.0,50,2500,,0.3500000000000003
leaky_relu,relu,19,Adam,0.003,1.0,50,2500,,0.03464802109618325
leaky_relu,relu,19,Adam,0.005,1.0,50,2500,,2.0460210992536062e-05
leaky_relu,relu,19,Adam,0.008,1.0,50,2500,,0.020040109944279846
leaky_relu,relu,19,Adam,0.012,1.0,50,2500,,0.05331882788291365
leaky_relu,relu,19,Adam,0.015,1.0,50,2500,,0.06
leaky_relu,relu,19,Adam,0.02,1.0,50,2500,,0.15
leaky_relu,relu,14,Adam,0.001,1.0,10,2000,,0.010850119893492872
leaky_relu,relu,14,Adam,0.003,1.0,10,2000,,0.007340665619073413
leaky_relu,relu,14,Adam,0.005,1.0,10,2000,,0.020000000002758794
leaky_relu,relu,14,Adam,0.008,1.0,10,2000,,0.05000031475538086
leaky_relu,relu,14,Adam,0.01,1.0,10,2000,,0.09208525428747368
leaky_relu,relu,14,Adam,0.012,1.0,10,2000,,0.09449592864949724
leaky_relu,relu,14,SGD,0.01,1.0,50,5000,,0.22934945124344128
leaky_relu,relu,14,SGD,0.05,1.0,50,5000,,0.08465610856878227
leaky_relu,relu,14,SGD,0.1,1.0,50,5000,,0.061069232867315595
leaky_relu,relu,14,SGD,0.3,1.0,50,5000,,0.1510367549404264
leaky_relu,relu,14,SGD,1.0,1.0,50,5000,,0.5084210610061666
leaky_relu,relu,14,Adam,0.0105,1.0,50,2500,,0.01
leaky_relu,relu,14,Adam,0.011,1.0,50,2500,1190,9.600523895939784e-09
leaky_relu,relu,14,Adam,0.0115,1.0,50,2500,1097,9.252918592777096e-09
leaky_relu,relu,14,Adam,0.0125,1.0,50,2500,,0.05
leaky_relu,relu,14,Adam,0.013,1.0,50,2500,,0.05
leaky_relu,relu,14,Adam,0.0135,1.0,50,2500,,0.07000000000000002
leaky_relu,relu,14,Adam,0.014,1.0,50,2500,,0.051295582431624014
leaky_relu,relu,0,Adam,0.012,1.0,50,2000,,0.15
leaky_relu,relu,1,Adam,0.012,1.0,50,2000,,1.831228425370365e-08
leaky_relu,relu,2,Adam,0.012,1.0,50,2000,,0.1383622486544556
leaky_relu,relu,3,Adam,0.012,1.0,50,2000,,0.2504396027881951
leaky_relu,relu,4,Adam,0.012,1.0,50,2000,,0.19
leaky_relu,relu,5,Adam,0.012,1.0,50,2000,,0.11461007222704442
leaky_relu,relu,6,Adam,0.012,1.0,50,2000,,0.0800000000000161
leaky_relu,relu,7,Adam,0.012,1.0,50,2000,,0.10000000000002147
leaky_relu,relu,8,Adam,0.012,1.0,50,2000,,0.24
leaky_relu,relu,9,Adam,0.012,1.0,50,2000,,0.08
leaky_relu,relu,10,Adam,0.012,1.0,50,2000,,0.01
leaky_relu,relu,11,Adam,0.012,1.0,50,2000,1117,9.880626503613812e-09
leaky_relu,relu,12,Adam,0.012,1.0,50,2000,,0.01
leaky_relu,relu,13,Adam,0.012,1.0,50,2000,,0.05000000000000002
leaky_relu,relu,14,Adam,0.012,1.0,50,2000,981,8.92309049261675e-09
leaky_relu,relu,15,Adam,0.012,1.0,50,2000,,0.25
leaky_relu,relu,16,Adam,0.012,1.0,50,2000,,0.158911956366503
leaky_relu,relu,17,Adam,0.012,1.0,50,2000,,0.1291833344515519
leaky_relu,relu,18,Adam,0.012,1.0,50,2000,,0.1400003598806787
leaky_relu,relu,19,Adam,0.012,1.0,50,2000,,0.05331882788291365
leaky_relu,relu,20,Adam,0.012,1.0,50,2000,,0.05000000000000004
leaky_relu,relu,21,Adam,0.012,1.0,50,2000,,0.13
leaky_relu,relu,22,Adam,0.012,1.0,50,2000,,0.12000000055943832
leaky_relu,relu,23,Adam,0.012,1.0,50,2000,,0.16000000000000003
leaky_relu,relu,24,Adam,0.012,1.0,50,2000,1522,9.895198567042005e-09
leaky_relu,relu,25,Adam,0.012,1.0,50,2000,,0.16917284181438597
leaky_relu,relu,26,Adam,0.012,1.0,50,2000,,0.25
leaky_relu,relu,27,Adam,0.012,1.0,50,2000,,0.17000066755137977
leaky_relu,relu,28,Adam,0.012,1.0,50,2000,,0.020000000002046398
leaky_relu,relu,29,Adam,0.012,1.0,50,2000,,0.04
leaky_relu,relu,30,Adam,0.012,1.0,50,2000,,0.05000000014876421
leaky_relu,relu,31,Adam,0.012,1.0,50,2000,,0.23
leaky_relu,relu,32,Adam,0.012,1.0,50,2000,,0.13000000000000186
leaky_relu,relu,33,Adam,0.012,1.0,50,2000,,0.17
leaky_relu,relu,34,Adam,0.012,1.0,50,2000,,0.017784293820383778
leaky_relu,relu,35,Adam,0.012,1.0,50,2000,,0.28
leaky_relu,relu,36,Adam,0.012,1.0,50,2000,,0.010000000000000016
leaky_relu,relu,37,Adam,0.012,1.0,50,2000,,0.01000000000250874
leaky_relu,relu,38,Adam,0.012,1.0,50,2000,1725,9.93294993234993e-09
leaky_relu,relu,39,Adam,0.012,1.0,50,2000,,0.19
leaky_relu,relu,40,Adam,0.012,1.0,50,2000,,0.04
leaky_relu,relu,41,Adam,0.012,1.0,50,2000,,0.16
leaky_relu,relu,42,Adam,0.012,1.0,50,2000,,0.01
leaky_relu,relu,43,Adam,0.012,1.0,50,2000,,0.060000000000050395
leaky_relu,relu,44,Adam,0.012,1.0,50,2000,,0.02
leaky_relu,relu,45,Adam,0.012,1.0,50,2000,,0.19000000000108763
leaky_relu,relu,46,Adam,0.012,1.0,50,2000,,0.11
leaky_relu,relu,47,Adam,0.012,1.0,50,2000,,0.06
leaky_relu,relu,48,Adam,0.012,1.0,50,2000,1155,9.598890682087077e-09
leaky_relu,relu,49,Adam,0.012,1.0,50,2000,,0.08000024303857
leaky_relu,relu,50,Adam,0.012,1.0,50,2000,,0.11
leaky_relu,relu,51,Adam,0.012,1.0,50,2000,,0.0400000000000009
leaky_relu,relu,52,Adam,0.012,1.0,50,2000,,0.05
leaky_relu,relu,53,Adam,0.012,1.0,50,2000,,0.24
leaky_relu,relu,54,Adam,0.012,1.0,50,2000,1212,9.928731494761485e-09
leaky_relu,relu,55,Adam,0.012,1.0,50,2000,1273,9.838729413125918e-09
leaky_relu,relu,56,Adam,0.012,1.0,50,2000,,0.08000000000001496
leaky_relu,relu,57,Adam,0.012,1.0,50,2000,,0.12
leaky_relu,relu,58,Adam,0.012,1.0,50,2000,,0.010000030635094682
leaky_relu,relu,59,Adam,0.012,1.0,50,2000,1224,9.776392249558523e-09
leaky_relu,relu,60,Adam,0.012,1.0,50,2000,964,8.078975216690653e-09
leaky_relu,relu,61,Adam,0.012,1.0,50,2000,,0.04306535929315681
leaky_relu,relu,62,Adam,0.012,1.0,50,2000,,0.14847592134328289
leaky_relu,relu,63,Adam,0.012,1.0,50,2000,1089,9.910955581037645e-09
leaky_relu,relu,64,Adam,0.012,1.0,50,2000,,6.4858917547711765e-06
leaky_relu,relu,65,Adam,0.012,1.0,50,2000,1246,9.855615160785877e-09
leaky_relu,relu,66,Adam,0.012,1.0,50,2000,,0.12483204813407672
leaky_relu,relu,67,Adam,0.012,1.0,50,2000,,0.04000264858291333
leaky_relu,relu,68,Adam,0.012,1.0,50,2000,,0.16000000388803992
leaky_relu,relu,69,Adam,0.012,1.0,50,2000,,0.01000000000000499
leaky_relu,relu,70,Adam,0.012,1.0,50,2000,,0.06544785452376047
leaky_relu,relu,71,Adam,0.012,1.0,50,2000,,0.0456286041646835
leaky_relu,relu,72,Adam,0.012,1.0,50,2000,,0.051289385031919925
leaky_relu,relu,73,Adam,0.012,1.0,50,2000,,0.14485436408753571
leaky_relu,relu,74,Adam,0.012,1.0,50,2000,,0.13000000000969456
leaky_relu,relu,75,Adam,0.012,1.0,50,2000,,0.05000076441181088
leaky_relu,relu,76,Adam,0.012,1.0,50,2000,1177,9.479048261112007e-09
leaky_relu,relu,77,Adam,0.012,1.0,50,2000,,0.27
leaky_relu,relu,78,Adam,0.012,1.0,50,2000,,0.06
leaky_relu,relu,79,Adam,0.012,1.0,50,2000,,0.010000000000000071
leaky_relu,relu,80,Adam,0.012,1.0,50,2000,,0.18
leaky_relu,relu,81,Adam,0.012,1.0,50,2000,,0.11329909098493239
leaky_relu,relu,82,Adam,0.012,1.0,50,2000,,0.26
leaky_relu,relu,83,Adam,0.012,1.0,50,2000,,0.22
leaky_relu,relu,84,Adam,0.012,1.0,50,2000,1379,9.93440451492411e-09
leaky_relu,relu,85,Adam,0.012,1.0,50,2000,,0.04231619541543617
leaky_relu,relu,86,Adam,0.012,1.0,50,2000,,0.05
leaky_relu,relu,87,Adam,0.012,1.0,50,2000,,0.08000000000000018
leaky_relu,relu,88,Adam,0.012,1.0,50,2000,,0.08529482349568951
leaky_relu,relu,89,Adam,0.012,1.0,50,2000,,0.022308126646155713
leaky_relu,relu,90,Adam,0.012,1.0,50,2000,,0.01
leaky_relu,relu,91,Adam,0.012,1.0,50,2000,,0.045297113742091055
leaky_relu,relu,92,Adam,0.012,1.0,50,2000,,0.06
leaky_relu,relu,93,Adam,0.012,1.0,50,2000,,0.11
leaky_relu,relu,94,Adam,0.012,1.0,50,2000,,0.09000000000958755
leaky_relu,relu,95,Adam,0.012,1.0,50,2000,,0.24
leaky_relu,relu,96,Adam,0.012,1.0,50,2000,,0.050000000037069156
leaky_relu,relu,97,Adam,0.012,1.0,50,2000,,0.31
leaky_relu,relu,98,Adam,0.012,1.0,50,2000,,0.11
leaky_relu,relu,99,Adam,0.012,1.0,50,2000,,0.05
